Time,Team,Operation,BuyVolume,SellVolume,EtfPosition,FuturePosition,EtfPrice,FuturePrice,TotalFees,AccountBalance,ProfitOrLoss,Status
0.0,Chrimata,Tick,0,0,0,0,,,0,0,0,OK
0.0,Chrimata4,Tick,0,0,0,0,,,0,0,0,OK
0.218,Chrimata,Tick,0,0,0,0,127700,,0,0,0,OK
0.218,Chrimata4,Tick,0,0,0,0,127700,,0,0,0,OK
0.562,Chrimata,Tick,0,0,0,0,126600,,0,0,0,OK
0.562,Chrimata4,Tick,0,0,0,0,126600,,0,0,0,OK
0.75,Chrimata,Tick,0,0,0,0,126600,,0,0,0,OK
0.75,Chrimata4,Tick,0,0,0,0,126600,,0,0,0,OK
1.0,Chrimata,Tick,0,0,0,0,126600,,0,0,0,OK
1.0,Chrimata4,Tick,0,0,0,0,126600,,0,0,0,OK
1.25,Chrimata,Tick,0,0,0,0,126600,126700,0,0,0,OK
1.25,Chrimata4,Tick,0,0,0,0,126600,126700,0,0,0,OK
1.532,Chrimata,Tick,0,0,0,0,126600,126800,0,0,0,OK
1.532,Chrimata4,Tick,0,0,0,0,126600,126800,0,0,0,OK
1.718,Chrimata,Tick,0,0,0,0,126600,126800,0,0,0,OK
1.718,Chrimata4,Tick,0,0,0,0,126600,126800,0,0,0,OK
2.0,Chrimata,Tick,0,0,0,0,126600,126800,0,0,0,OK
2.0,Chrimata4,Tick,0,0,0,0,126600,126800,0,0,0,OK
2.282,Chrimata,Tick,0,0,0,0,126600,126800,0,0,0,OK
2.282,Chrimata4,Tick,0,0,0,0,126600,126800,0,0,0,OK
2.468,Chrimata,Tick,0,0,0,0,126600,126800,0,0,0,OK
2.468,Chrimata4,Tick,0,0,0,0,126600,126800,0,0,0,OK
2.75,Chrimata,Tick,0,0,0,0,126600,126800,0,0,0,OK
2.75,Chrimata4,Tick,0,0,0,0,126600,126800,0,0,0,OK
2.968,Chrimata,Tick,0,0,0,0,126600,127300,0,0,0,OK
2.968,Chrimata4,Tick,0,0,0,0,126600,127300,0,0,0,OK
3.25,Chrimata,Tick,0,0,0,0,126600,127200,0,0,0,OK
3.25,Chrimata4,Tick,0,0,0,0,126600,127200,0,0,0,OK
3.438,Chrimata,Tick,0,0,0,0,126600,127200,0,0,0,OK
3.438,Chrimata4,Tick,0,0,0,0,126600,127200,0,0,0,OK
3.75,Chrimata,Tick,0,0,0,0,128000,127400,0,0,0,OK
3.75,Chrimata4,Tick,0,0,0,0,128000,127400,0,0,0,OK
4.032,Chrimata,Tick,0,0,0,0,128000,127400,0,0,0,OK
4.032,Chrimata4,Tick,0,0,0,0,128000,127400,0,0,0,OK
4.188,Chrimata,Tick,0,0,0,0,128000,127600,0,0,0,OK
4.188,Chrimata4,Tick,0,0,0,0,128000,127600,0,0,0,OK
4.562,Chrimata,Tick,0,0,0,0,128000,127600,0,0,0,OK
4.562,Chrimata4,Tick,0,0,0,0,128000,127600,0,0,0,OK
4.812,Chrimata,Tick,0,0,0,0,128000,127700,0,0,0,OK
4.812,Chrimata4,Tick,0,0,0,0,128000,127700,0,0,0,OK
5.062,Chrimata,Tick,0,0,0,0,128000,127700,0,0,0,OK
5.062,Chrimata4,Tick,0,0,0,0,128000,127700,0,0,0,OK
5.282,Chrimata,Tick,0,0,0,0,128000,128000,0,0,0,OK
5.282,Chrimata4,Tick,0,0,0,0,128000,128000,0,0,0,OK
5.5,Chrimata,Tick,0,0,0,0,128000,128000,0,0,0,OK
5.5,Chrimata4,Tick,0,0,0,0,128000,128000,0,0,0,OK
5.782,Chrimata,Tick,0,0,0,0,128000,128000,0,0,0,OK
5.782,Chrimata4,Tick,0,0,0,0,128000,128000,0,0,0,OK
6.032,Chrimata,Tick,0,0,0,0,128000,128000,0,0,0,OK
6.032,Chrimata4,Tick,0,0,0,0,128000,128000,0,0,0,OK
6.312,Chrimata,Tick,0,0,0,0,128000,128000,0,0,0,OK
6.312,Chrimata4,Tick,0,0,0,0,128000,128000,0,0,0,OK
6.5,Chrimata,Tick,0,0,0,0,127200,128000,0,0,0,OK
6.5,Chrimata4,Tick,0,0,0,0,127200,128000,0,0,0,OK
6.782,Chrimata,Tick,0,0,0,0,127200,127700,0,0,0,OK
6.782,Chrimata4,Tick,0,0,0,0,127200,127700,0,0,0,OK
7.032,Chrimata,Tick,0,0,0,0,128200,127600,0,0,0,OK
7.032,Chrimata4,Tick,0,0,0,0,128200,127600,0,0,0,OK
7.218,Chrimata,Tick,0,0,0,0,128200,127600,0,0,0,OK
7.218,Chrimata4,Tick,0,0,0,0,128200,127600,0,0,0,OK
7.532,Chrimata,Tick,10,0,10,-10,127300,127600,255,1745,-255,OK
7.532,Chrimata4,Tick,0,0,0,0,127300,127600,0,0,0,OK
7.782,Chrimata,Tick,20,0,20,-20,127300,127600,510,3490,-510,OK
7.782,Chrimata4,Tick,0,0,0,0,127300,127600,0,0,0,OK
8.032,Chrimata,Tick,30,0,30,-30,127200,127600,764,7236,1236,OK
8.032,Chrimata4,Tick,0,0,0,0,127200,127600,0,0,0,OK
8.25,Chrimata,Tick,40,0,40,-40,127200,127600,1018,9982,1982,OK
8.25,Chrimata4,Tick,0,0,0,0,127200,127600,0,0,0,OK
8.562,Chrimata,Tick,50,0,50,-50,127200,127400,1272,11728,1728,OK
8.562,Chrimata4,Tick,0,0,0,0,127200,127400,0,0,0,OK
8.812,Chrimata,Tick,60,0,60,-60,127200,127400,1526,15474,3474,OK
8.812,Chrimata4,Tick,0,0,0,0,127200,127400,0,0,0,OK
9.0,Chrimata,Tick,70,0,70,-70,127300,127400,1780,18520,11520,OK
9.0,Chrimata4,Tick,0,0,0,0,127300,127400,0,0,0,OK
9.282,Chrimata,Tick,80,0,80,-80,127300,127800,2035,21265,5265,OK
9.282,Chrimata4,Tick,0,0,0,0,127300,127800,0,0,0,OK
9.468,Chrimata,Tick,86,0,86,-86,127300,127800,2188,23512,6312,OK
9.468,Chrimata4,Tick,0,0,0,0,127300,127800,0,0,0,OK
9.812,Chrimata,Tick,86,0,86,-86,127000,127800,2188,23512,6312,OK
9.812,Chrimata4,Tick,0,0,0,0,127000,127800,0,0,0,OK
10.032,Chrimata,Tick,86,0,86,-86,127000,127500,2188,23512,6312,OK
10.032,Chrimata4,Tick,0,0,0,0,127000,127500,0,0,0,OK
10.218,Chrimata,Tick,86,0,86,-86,127000,127500,2188,23512,6312,OK
10.218,Chrimata4,Tick,0,0,0,0,127000,127500,0,0,0,OK
10.468,Chrimata,Tick,86,0,86,-86,127000,127500,2188,23512,6312,OK
10.468,Chrimata4,Tick,0,0,0,0,127000,127500,0,0,0,OK
10.718,Chrimata,Tick,86,0,86,-86,126900,127500,2188,23512,6312,OK
10.718,Chrimata4,Tick,0,0,0,0,126900,127500,0,0,0,OK
10.938,Chrimata,Tick,86,0,86,-86,127900,127500,2188,23512,40712,OK
10.938,Chrimata4,Tick,0,0,0,0,127900,127500,0,0,0,OK
11.282,Chrimata,Tick,86,0,86,-86,128100,127600,2188,23512,40712,OK
11.282,Chrimata4,Tick,0,0,0,0,128100,127600,0,0,0,OK
11.468,Chrimata,Tick,86,0,86,-86,128100,127600,2188,23512,40712,OK
11.468,Chrimata4,Tick,0,0,0,0,128100,127600,0,0,0,OK
11.718,Chrimata,Tick,86,0,86,-86,128100,127600,2188,23512,40712,OK
11.718,Chrimata4,Tick,0,0,0,0,128100,127600,0,0,0,OK
12.032,Chrimata,Tick,86,0,86,-86,128100,127600,2188,23512,40712,OK
12.032,Chrimata4,Tick,0,0,0,0,128100,127600,0,0,0,OK
12.218,Chrimata,Tick,86,0,86,-86,128100,127600,2188,23512,40712,OK
12.218,Chrimata4,Tick,0,0,0,0,128100,127600,0,0,0,OK
12.562,Chrimata,Tick,86,0,86,-86,128100,127700,2188,23512,40712,OK
12.562,Chrimata4,Tick,0,0,0,0,128100,127700,0,0,0,OK
12.75,Chrimata,Tick,86,0,86,-86,128100,127700,2188,23512,40712,OK
12.75,Chrimata4,Tick,0,0,0,0,128100,127700,0,0,0,OK
13.0,Chrimata,Tick,86,0,86,-86,128100,127700,2188,23512,40712,OK
13.0,Chrimata4,Tick,0,0,0,0,128100,127700,0,0,0,OK
13.312,Chrimata,Tick,86,9,77,-77,127800,127700,2418,23282,30982,OK
13.312,Chrimata4,Tick,0,0,0,0,127800,127700,0,0,0,OK
13.5,Chrimata,Tick,86,9,77,-77,127800,127700,2418,23282,30982,OK
13.5,Chrimata4,Tick,0,0,0,0,127800,127700,0,0,0,OK
13.812,Chrimata,Tick,86,9,77,-77,128200,127700,2418,23282,38682,OK
13.812,Chrimata4,Tick,0,0,0,0,128200,127700,0,0,0,OK
14.0,Chrimata,Tick,86,9,77,-77,128200,127700,2418,23282,38682,OK
14.0,Chrimata4,Tick,0,0,0,0,128200,127700,0,0,0,OK
14.25,Chrimata,Tick,86,9,77,-77,128200,127600,2418,23282,38682,OK
14.25,Chrimata4,Tick,0,0,0,0,128200,127600,0,0,0,OK
14.532,Chrimata,Tick,86,9,77,-77,128200,127600,2418,23282,38682,OK
14.532,Chrimata4,Tick,0,0,0,0,128200,127600,0,0,0,OK
14.718,Chrimata,Tick,86,9,77,-77,128200,127600,2418,23282,38682,OK
14.718,Chrimata4,Tick,0,0,0,0,128200,127600,0,0,0,OK
15.032,Chrimata,Tick,86,9,77,-77,128000,127600,2418,23282,38682,OK
15.032,Chrimata4,Tick,0,0,0,0,128000,127600,0,0,0,OK
15.282,Chrimata,Tick,86,9,77,-77,128300,127600,2418,23282,38682,OK
15.282,Chrimata4,Tick,0,0,0,0,128300,127600,0,0,0,OK
15.532,Chrimata,Tick,86,9,77,-77,128300,127600,2418,23282,38682,OK
15.532,Chrimata4,Tick,0,0,0,0,128300,127600,0,0,0,OK
15.688,Chrimata,Tick,86,9,77,-77,128300,127600,2418,23282,38682,OK
15.688,Chrimata4,Tick,0,0,0,0,128300,127600,0,0,0,OK
16.032,Chrimata,Tick,86,9,77,-77,128300,127600,2418,23282,38682,OK
16.032,Chrimata4,Tick,0,0,0,0,128300,127600,0,0,0,OK
16.218,Chrimata,Tick,86,9,77,-77,128300,127600,2418,23282,38682,OK
16.218,Chrimata4,Tick,0,0,0,0,128300,127600,0,0,0,OK
16.468,Chrimata,Tick,86,9,77,-77,128300,127600,2418,23282,38682,OK
16.468,Chrimata4,Tick,0,0,0,0,128300,127600,0,0,0,OK
16.718,Chrimata,Tick,86,19,67,-67,128100,127600,2673,23027,36427,OK
16.718,Chrimata4,Tick,0,20,-20,20,128100,127600,510,-510,-4510,OK
16.968,Chrimata,Tick,86,29,57,-57,127500,127600,2928,22772,17072,OK
16.968,Chrimata4,Tick,0,40,-40,40,127500,127600,1020,-1020,2980,OK
17.218,Chrimata,Tick,86,29,57,-57,127500,127600,2928,22772,17072,OK
17.218,Chrimata4,Tick,0,40,-40,40,127500,127600,1020,-1020,2980,OK
17.468,Chrimata,Tick,86,29,57,-57,127500,127700,2928,22772,11372,OK
17.468,Chrimata4,Tick,0,40,-40,40,127500,127700,1020,-1020,6980,OK
17.718,Chrimata,Tick,86,29,57,-57,127500,127700,2928,22772,11372,OK
17.718,Chrimata4,Tick,0,40,-40,40,127500,127700,1020,-1020,6980,OK
18.0,Chrimata,Tick,86,29,57,-57,127500,127800,2928,22772,11372,OK
18.0,Chrimata4,Tick,0,40,-40,40,127500,127800,1020,-1020,6980,OK
18.25,Chrimata,Tick,86,29,57,-57,127500,127800,2928,22772,11372,OK
18.25,Chrimata4,Tick,0,40,-40,40,127500,127800,1020,-1020,6980,OK
18.438,Chrimata,Tick,86,29,57,-57,127200,128000,2928,22772,11372,OK
18.438,Chrimata4,Tick,0,40,-40,40,127200,128000,1020,-1020,6980,OK
18.688,Chrimata,Tick,86,29,57,-57,127200,128000,2928,22772,11372,OK
18.688,Chrimata4,Tick,0,40,-40,40,127200,128000,1020,-1020,6980,OK
18.968,Chrimata,Tick,86,29,57,-57,127200,128000,2928,22772,11372,OK
18.968,Chrimata4,Tick,0,40,-40,40,127200,128000,1020,-1020,6980,OK
19.25,Chrimata,Tick,86,29,57,-57,127200,128000,2928,22772,11372,OK
19.25,Chrimata4,Tick,0,40,-40,40,127200,128000,1020,-1020,6980,OK
19.468,Chrimata,Tick,86,29,57,-57,127200,128000,2928,22772,11372,OK
19.468,Chrimata4,Tick,0,40,-40,40,127200,128000,1020,-1020,6980,OK
19.75,Chrimata,Tick,86,29,57,-57,127200,128000,2928,22772,11372,OK
19.75,Chrimata4,Tick,0,40,-40,40,127200,128000,1020,-1020,6980,OK
20.062,Chrimata,Tick,86,29,57,-57,127200,128000,2928,22772,11372,OK
20.062,Chrimata4,Tick,0,40,-40,40,127200,128000,1020,-1020,6980,OK
20.282,Chrimata,Tick,86,29,57,-57,127200,128000,2928,22772,11372,OK
20.282,Chrimata4,Tick,0,40,-40,40,127200,128000,1020,-1020,6980,OK
20.532,Chrimata,Tick,86,29,57,-57,127200,128000,2928,22772,11372,OK
20.532,Chrimata4,Tick,0,40,-40,40,127200,128000,1020,-1020,6980,OK
20.688,Chrimata,Tick,86,29,57,-57,127200,128000,2928,22772,11372,OK
20.688,Chrimata4,Tick,0,40,-40,40,127200,128000,1020,-1020,6980,OK
21.032,Chrimata,Tick,86,29,57,-57,127200,128100,2928,22772,11372,OK
21.032,Chrimata4,Tick,0,40,-40,40,127200,128100,1020,-1020,6980,OK
21.25,Chrimata,Tick,86,29,57,-57,127200,128100,2928,22772,11372,OK
21.25,Chrimata4,Tick,0,40,-40,40,127200,128100,1020,-1020,6980,OK
21.468,Chrimata,Tick,86,29,57,-57,127200,128100,2928,22772,11372,OK
21.468,Chrimata4,Tick,0,40,-40,40,127200,128100,1020,-1020,6980,OK
21.782,Chrimata,Tick,86,29,57,-57,127200,128100,2928,22772,11372,OK
21.782,Chrimata4,Tick,0,40,-40,40,127200,128100,1020,-1020,6980,OK
21.938,Chrimata,Tick,86,29,57,-57,127600,128100,2928,22772,11372,OK
21.938,Chrimata4,Tick,0,40,-40,40,127600,128100,1020,-1020,6980,OK
22.25,Chrimata,Tick,86,29,57,-57,127600,128100,2928,22772,11372,OK
22.25,Chrimata4,Tick,0,40,-40,40,127600,128100,1020,-1020,6980,OK
22.5,Chrimata,Tick,86,29,57,-57,127600,128100,2928,22772,11372,OK
22.5,Chrimata4,Tick,0,40,-40,40,127600,128100,1020,-1020,6980,OK
22.782,Chrimata,Tick,86,29,57,-57,127600,128100,2928,22772,11372,OK
22.782,Chrimata4,Tick,0,40,-40,40,127600,128100,1020,-1020,6980,OK
22.968,Chrimata,Tick,86,29,57,-57,127600,128100,2928,22772,11372,OK
22.968,Chrimata4,Tick,0,40,-40,40,127600,128100,1020,-1020,6980,OK
23.312,Chrimata,Tick,86,29,57,-57,127600,128100,2928,22772,11372,OK
23.312,Chrimata4,Tick,0,40,-40,40,127600,128100,1020,-1020,6980,OK
23.468,Chrimata,Tick,86,29,57,-57,128200,127700,2928,22772,34172,OK
23.468,Chrimata4,Tick,0,60,-60,60,128200,127700,1533,6467,-5533,OK
23.718,Chrimata,Tick,86,30,56,-56,128200,127700,2954,23246,34446,OK
23.718,Chrimata4,Tick,0,60,-60,60,128200,127700,1533,6467,-5533,OK
23.968,Chrimata,Tick,86,30,56,-56,128200,127700,2954,23246,34446,OK
23.968,Chrimata4,Tick,0,60,-60,60,128200,127700,1533,6467,-5533,OK
24.218,Chrimata,Tick,86,30,56,-56,128200,127600,2954,23246,34446,OK
24.218,Chrimata4,Tick,0,60,-60,60,128200,127600,1533,6467,-5533,OK
24.532,Chrimata,Tick,86,30,56,-56,128200,127600,2954,23246,34446,OK
24.532,Chrimata4,Tick,0,60,-60,60,128200,127600,1533,6467,-5533,OK
24.782,Chrimata,Tick,86,30,56,-56,127200,127600,2954,23246,12046,OK
24.782,Chrimata4,Tick,0,60,-60,60,127200,127600,1533,6467,18467,OK
24.938,Chrimata,Tick,86,30,56,-56,127200,127600,2954,23246,12046,OK
24.938,Chrimata4,Tick,0,60,-60,60,127200,127600,1533,6467,18467,OK
25.282,Chrimata,Tick,86,30,56,-56,127200,127700,2954,23246,12046,OK
25.282,Chrimata4,Tick,0,60,-60,60,127200,127700,1533,6467,18467,OK
25.562,Chrimata,Tick,86,30,56,-56,127200,127700,2954,23246,12046,OK
25.562,Chrimata4,Tick,0,60,-60,60,127200,127700,1533,6467,18467,OK
25.75,Chrimata,Tick,86,30,56,-56,127200,127700,2954,23246,12046,OK
25.75,Chrimata4,Tick,0,60,-60,60,127200,127700,1533,6467,18467,OK
26.0,Chrimata,Tick,86,30,56,-56,128500,127700,2954,23246,34446,OK
26.0,Chrimata4,Tick,0,60,-60,60,128500,127700,1533,6467,-5533,OK
26.218,Chrimata,Tick,86,30,56,-56,128500,127700,2954,23246,34446,OK
26.218,Chrimata4,Tick,0,60,-60,60,128500,127700,1533,6467,-5533,OK
26.5,Chrimata,Tick,86,30,56,-56,128500,127700,2954,23246,34446,OK
26.5,Chrimata4,Tick,0,60,-60,60,128500,127700,1533,6467,-5533,OK
26.718,Chrimata,Tick,86,30,56,-56,128500,127700,2954,23246,34446,OK
26.718,Chrimata4,Tick,0,60,-60,60,128500,127700,1533,6467,-5533,OK
26.968,Chrimata,Tick,86,30,56,-56,128500,127700,2954,23246,34446,OK
26.968,Chrimata4,Tick,0,60,-60,60,128500,127700,1533,6467,-5533,OK
27.25,Chrimata,Tick,86,30,56,-56,128500,127700,2954,23246,34446,OK
27.25,Chrimata4,Tick,0,60,-60,60,128500,127700,1533,6467,-5533,OK
27.5,Chrimata,Tick,86,30,56,-56,128500,127700,2954,23246,34446,OK
27.5,Chrimata4,Tick,0,60,-60,60,128500,127700,1533,6467,-5533,OK
27.812,Chrimata,Tick,86,30,56,-56,128500,127700,2954,23246,34446,OK
27.812,Chrimata4,Tick,0,60,-60,60,128500,127700,1533,6467,-5533,OK
27.968,Chrimata,Tick,86,30,56,-56,128500,127700,2954,23246,34446,OK
27.968,Chrimata4,Tick,0,60,-60,60,128500,127700,1533,6467,-5533,OK
28.282,Chrimata,Tick,86,30,56,-56,127900,127700,2954,23246,34446,OK
28.282,Chrimata4,Tick,0,60,-60,60,127900,127700,1533,6467,-5533,OK
28.468,Chrimata,Tick,96,30,66,-66,127900,127700,3210,23990,37190,OK
28.468,Chrimata4,Tick,20,60,-40,40,127900,127700,2045,7955,-45,OK
28.782,Chrimata,Tick,106,30,76,-76,127900,127700,3466,25734,40934,OK
28.782,Chrimata4,Tick,40,60,-20,20,127900,127700,2557,11443,7443,OK
29.0,Chrimata,Tick,116,30,86,-86,127900,127700,3722,26478,43678,OK
29.0,Chrimata4,Tick,48,60,-12,12,127900,127700,2762,12038,9638,OK
29.218,Chrimata,Tick,116,30,86,-86,127900,127700,3722,26478,43678,OK
29.218,Chrimata4,Tick,48,60,-12,12,127900,127700,2762,12038,9638,OK
29.5,Chrimata,Tick,116,30,86,-86,128500,127700,3722,26478,43678,OK
29.5,Chrimata4,Tick,48,60,-12,12,128500,127700,2762,12038,9638,OK
29.782,Chrimata,Tick,116,30,86,-86,128500,127700,3722,26478,43678,OK
29.782,Chrimata4,Tick,48,60,-12,12,128500,127700,2762,12038,9638,OK
30.032,Chrimata,Tick,116,30,86,-86,128500,127700,3722,26478,43678,OK
30.032,Chrimata4,Tick,48,60,-12,12,128500,127700,2762,12038,9638,OK
30.218,Chrimata,Tick,116,30,86,-86,127600,127700,3722,26478,17878,OK
30.218,Chrimata4,Tick,48,60,-12,12,127600,127700,2762,12038,13238,OK
30.468,Chrimata,Tick,116,30,86,-86,127600,127700,3722,26478,17878,OK
30.468,Chrimata4,Tick,48,60,-12,12,127600,127700,2762,12038,13238,OK
30.718,Chrimata,Tick,116,30,86,-86,127600,127700,3722,26478,17878,OK
30.718,Chrimata4,Tick,48,60,-12,12,127600,127700,2762,12038,13238,OK
31.032,Chrimata,Tick,116,30,86,-86,127600,127700,3722,26478,17878,OK
31.032,Chrimata4,Tick,48,60,-12,12,127600,127700,2762,12038,13238,OK
31.312,Chrimata,Tick,116,30,86,-86,128500,127700,3722,26478,43678,OK
31.312,Chrimata4,Tick,48,60,-12,12,128500,127700,2762,12038,9638,OK
31.468,Chrimata,Tick,116,30,86,-86,128500,127800,3722,26478,43678,OK
31.468,Chrimata4,Tick,48,60,-12,12,128500,127800,2762,12038,9638,OK
31.75,Chrimata,Tick,116,30,86,-86,128500,127800,3722,26478,43678,OK
31.75,Chrimata4,Tick,48,60,-12,12,128500,127800,2762,12038,9638,OK
31.968,Chrimata,Tick,116,30,86,-86,128500,127800,3722,26478,43678,OK
31.968,Chrimata4,Tick,48,60,-12,12,128500,127800,2762,12038,9638,OK
32.282,Chrimata,Tick,116,30,86,-86,128500,127500,3722,26478,43678,OK
32.282,Chrimata4,Tick,48,60,-12,12,128500,127500,2762,12038,9638,OK
32.468,Chrimata,Tick,116,30,86,-86,128500,127500,3722,26478,43678,OK
32.468,Chrimata4,Tick,48,60,-12,12,128500,127500,2762,12038,9638,OK
32.718,Chrimata,Tick,116,30,86,-86,127100,127500,3722,26478,9278,OK
32.718,Chrimata4,Tick,48,60,-12,12,127100,127500,2762,12038,14438,OK
32.968,Chrimata,Tick,116,30,86,-86,127100,127500,3722,26478,9278,OK
32.968,Chrimata4,Tick,48,60,-12,12,127100,127500,2762,12038,14438,OK
33.282,Chrimata,Tick,116,30,86,-86,127000,127100,3722,26478,17878,OK
33.282,Chrimata4,Tick,48,60,-12,12,127000,127100,2762,12038,13238,OK
33.532,Chrimata,Tick,116,30,86,-86,127000,127100,3722,26478,17878,OK
33.532,Chrimata4,Tick,48,60,-12,12,127000,127100,2762,12038,13238,OK
33.782,Chrimata,Tick,116,30,86,-86,127000,127100,3722,26478,17878,OK
33.782,Chrimata4,Tick,48,60,-12,12,127000,127100,2762,12038,13238,OK
34.0,Chrimata,Tick,116,30,86,-86,127000,127200,3722,26478,9278,OK
34.0,Chrimata4,Tick,48,60,-12,12,127000,127200,2762,12038,14438,OK
34.25,Chrimata,Tick,116,30,86,-86,127000,127200,3722,26478,9278,OK
34.25,Chrimata4,Tick,48,60,-12,12,127000,127200,2762,12038,14438,OK
34.468,Chrimata,Tick,116,30,86,-86,127000,127200,3722,26478,9278,OK
34.468,Chrimata4,Tick,48,60,-12,12,127000,127200,2762,12038,14438,OK
34.718,Chrimata,Tick,116,30,86,-86,127000,127200,3722,26478,9278,OK
34.718,Chrimata4,Tick,48,60,-12,12,127000,127200,2762,12038,14438,OK
34.968,Chrimata,Tick,116,30,86,-86,127000,127200,3722,26478,9278,OK
34.968,Chrimata4,Tick,48,60,-12,12,127000,127200,2762,12038,14438,OK
35.25,Chrimata,Tick,116,30,86,-86,127000,127200,3722,26478,9278,OK
35.25,Chrimata4,Tick,48,60,-12,12,127000,127200,2762,12038,14438,OK
35.532,Chrimata,Tick,116,30,86,-86,127100,127200,3722,26478,17878,OK
35.532,Chrimata4,Tick,68,60,8,-8,127100,127200,3270,11530,10730,OK
35.782,Chrimata,Tick,116,30,86,-86,127100,127200,3722,26478,17878,OK
35.782,Chrimata4,Tick,76,60,16,-16,127100,127200,3473,12127,10527,OK
35.968,Chrimata,Tick,116,30,86,-86,127100,127200,3722,26478,17878,OK
35.968,Chrimata4,Tick,76,60,16,-16,127100,127200,3473,12127,10527,OK
36.188,Chrimata,Tick,116,30,86,-86,127400,127200,3722,26478,43678,OK
36.188,Chrimata4,Tick,79,60,19,-19,127400,127200,3549,12051,15851,OK
36.468,Chrimata,Tick,116,30,86,-86,127400,127200,3722,26478,43678,OK
36.468,Chrimata4,Tick,79,60,19,-19,127400,127200,3549,12051,15851,OK
36.75,Chrimata,Tick,116,30,86,-86,127400,127500,3722,26478,17878,OK
36.75,Chrimata4,Tick,79,60,19,-19,127400,127500,3549,12051,10151,OK
37.0,Chrimata,Tick,116,30,86,-86,127400,127500,3722,26478,17878,OK
37.0,Chrimata4,Tick,79,60,19,-19,127400,127500,3549,12051,10151,OK
37.218,Chrimata,Tick,116,30,86,-86,127400,127500,3722,26478,17878,OK
37.218,Chrimata4,Tick,79,60,19,-19,127400,127500,3549,12051,10151,OK
37.468,Chrimata,Tick,116,30,86,-86,127400,127500,3722,26478,17878,OK
37.468,Chrimata4,Tick,79,60,19,-19,127400,127500,3549,12051,10151,OK
37.718,Chrimata,Tick,116,30,86,-86,127400,127500,3722,26478,17878,OK
37.718,Chrimata4,Tick,79,60,19,-19,127400,127500,3549,12051,10151,OK
38.062,Chrimata,Tick,116,30,86,-86,127400,127500,3722,26478,17878,OK
38.062,Chrimata4,Tick,79,60,19,-19,127400,127500,3549,12051,10151,OK
38.282,Chrimata,Tick,116,30,86,-86,127400,127500,3722,26478,17878,OK
38.282,Chrimata4,Tick,79,60,19,-19,127400,127500,3549,12051,10151,OK
38.438,Chrimata,Tick,116,30,86,-86,127400,127500,3722,26478,17878,OK
38.438,Chrimata4,Tick,79,60,19,-19,127400,127500,3549,12051,10151,OK
38.718,Chrimata,Tick,116,30,86,-86,127400,127500,3722,26478,17878,OK
38.718,Chrimata4,Tick,79,60,19,-19,127400,127500,3549,12051,10151,OK
38.938,Chrimata,Tick,116,30,86,-86,127400,127600,3722,26478,9278,OK
38.938,Chrimata4,Tick,79,60,19,-19,127400,127600,3549,12051,8251,OK
39.218,Chrimata,Tick,116,30,86,-86,127400,127600,3722,26478,9278,OK
39.218,Chrimata4,Tick,79,60,19,-19,127400,127600,3549,12051,8251,OK
39.562,Chrimata,Tick,116,30,86,-86,127400,127600,3722,26478,9278,OK
39.562,Chrimata4,Tick,79,60,19,-19,127400,127600,3549,12051,8251,OK
39.812,Chrimata,Tick,116,30,86,-86,127400,127600,3722,26478,9278,OK
39.812,Chrimata4,Tick,79,60,19,-19,127400,127600,3549,12051,8251,OK
39.968,Chrimata,Tick,116,30,86,-86,127400,127300,3722,26478,35078,OK
39.968,Chrimata4,Tick,79,60,19,-19,127400,127300,3549,12051,13951,OK
40.282,Chrimata,Tick,116,30,86,-86,127400,127300,3722,26478,35078,OK
40.282,Chrimata4,Tick,79,60,19,-19,127400,127300,3549,12051,13951,OK
40.468,Chrimata,Tick,116,30,86,-86,127400,127300,3722,26478,35078,OK
40.468,Chrimata4,Tick,79,60,19,-19,127400,127300,3549,12051,13951,OK
40.718,Chrimata,Tick,116,30,86,-86,127400,127300,3722,26478,35078,OK
40.718,Chrimata4,Tick,79,60,19,-19,127400,127300,3549,12051,13951,OK
41.032,Chrimata,Tick,116,30,86,-86,127400,127300,3722,26478,35078,OK
41.032,Chrimata4,Tick,79,60,19,-19,127400,127300,3549,12051,13951,OK
41.282,Chrimata,Tick,116,30,86,-86,127400,127300,3722,26478,35078,OK
41.282,Chrimata4,Tick,79,60,19,-19,127400,127300,3549,12051,13951,OK
41.468,Chrimata,Tick,116,30,86,-86,127400,127300,3722,26478,35078,OK
41.468,Chrimata4,Tick,79,60,19,-19,127400,127300,3549,12051,13951,OK
41.75,Chrimata,Tick,116,30,86,-86,127400,127300,3722,26478,35078,OK
41.75,Chrimata4,Tick,79,60,19,-19,127400,127300,3549,12051,13951,OK
42.032,Chrimata,Tick,116,30,86,-86,127100,127600,3722,26478,9278,OK
42.032,Chrimata4,Tick,79,60,19,-19,127100,127600,3549,12051,8251,OK
42.218,Chrimata,Tick,126,30,96,-96,127600,127600,3977,26223,26223,OK
42.218,Chrimata4,Tick,99,60,39,-39,127600,127600,4059,11541,11541,OK
42.468,Chrimata,Tick,126,30,96,-96,127600,127600,3977,26223,26223,OK
42.468,Chrimata4,Tick,99,60,39,-39,127600,127600,4059,11541,11541,OK
42.718,Chrimata,Tick,126,30,96,-96,127600,127600,3977,26223,26223,OK
42.718,Chrimata4,Tick,99,60,39,-39,127600,127600,4059,11541,11541,OK
43.032,Chrimata,Tick,126,30,96,-96,127600,127200,3977,26223,45423,OK
43.032,Chrimata4,Tick,99,60,39,-39,127600,127200,4059,11541,19341,OK
43.218,Chrimata,Tick,126,30,96,-96,127600,127200,3977,26223,45423,OK
43.218,Chrimata4,Tick,99,60,39,-39,127600,127200,4059,11541,19341,OK
43.468,Chrimata,Tick,126,30,96,-96,127600,127200,3977,26223,45423,OK
43.468,Chrimata4,Tick,99,60,39,-39,127600,127200,4059,11541,19341,OK
43.782,Chrimata,Tick,126,30,96,-96,127600,127200,3977,26223,45423,OK
43.782,Chrimata4,Tick,99,60,39,-39,127600,127200,4059,11541,19341,OK
44.032,Chrimata,Tick,126,30,96,-96,127600,127200,3977,26223,45423,OK
44.032,Chrimata4,Tick,99,60,39,-39,127600,127200,4059,11541,19341,OK
44.25,Chrimata,Tick,126,30,96,-96,127100,127200,3977,26223,16623,OK
44.25,Chrimata4,Tick,99,60,39,-39,127100,127200,4059,11541,7641,OK
44.532,Chrimata,Tick,126,30,96,-96,127100,127400,3977,26223,7023,OK
44.532,Chrimata4,Tick,99,60,39,-39,127100,127400,4059,11541,3741,OK
44.812,Chrimata,Tick,126,30,96,-96,127300,127400,3977,26223,16623,OK
44.812,Chrimata4,Tick,119,60,59,-59,127300,127400,4568,11032,5132,OK
45.0,Chrimata,Tick,126,30,96,-96,127100,127400,3977,26223,7023,OK
45.0,Chrimata4,Tick,119,60,59,-59,127100,127400,4568,11032,-768,OK
45.188,Chrimata,Tick,126,30,96,-96,127300,127400,3977,26223,16623,OK
45.188,Chrimata4,Tick,131,60,71,-71,127300,127400,4874,11926,4826,OK
45.532,Chrimata,Tick,126,30,96,-96,127300,127400,3977,26223,16623,OK
45.532,Chrimata4,Tick,131,60,71,-71,127300,127400,4874,11926,4826,OK
45.688,Chrimata,Tick,126,30,96,-96,127300,127400,3977,26223,16623,OK
45.688,Chrimata4,Tick,131,60,71,-71,127300,127400,4874,11926,4826,OK
46.0,Chrimata,Tick,126,30,96,-96,128100,127400,3977,26223,45423,OK
46.0,Chrimata4,Tick,131,60,71,-71,128100,127400,4874,11926,26126,OK
46.188,Chrimata,Tick,126,30,96,-96,128100,127400,3977,26223,45423,OK
46.188,Chrimata4,Tick,131,60,71,-71,128100,127400,4874,11926,26126,OK
46.468,Chrimata,Tick,126,30,96,-96,128100,127400,3977,26223,45423,OK
46.468,Chrimata4,Tick,131,60,71,-71,128100,127400,4874,11926,26126,OK
46.718,Chrimata,Tick,126,30,96,-96,128100,127400,3977,26223,45423,OK
46.718,Chrimata4,Tick,131,60,71,-71,128100,127400,4874,11926,26126,OK
47.032,Chrimata,Tick,126,30,96,-96,128100,127400,3977,26223,45423,OK
47.032,Chrimata4,Tick,131,60,71,-71,128100,127400,4874,11926,26126,OK
47.282,Chrimata,Tick,126,30,96,-96,128100,127400,3977,26223,45423,OK
47.282,Chrimata4,Tick,131,60,71,-71,128100,127400,4874,11926,26126,OK
47.468,Chrimata,Tick,126,30,96,-96,127100,127400,3977,26223,7023,OK
47.468,Chrimata4,Tick,131,60,71,-71,127100,127400,4874,11926,-2274,OK
47.782,Chrimata,Tick,126,30,96,-96,127100,127100,3977,26223,26223,OK
47.782,Chrimata4,Tick,131,60,71,-71,127100,127100,4874,11926,11926,OK
48.032,Chrimata,Tick,126,30,96,-96,127100,127100,3977,26223,26223,OK
48.032,Chrimata4,Tick,131,60,71,-71,127100,127100,4874,11926,11926,OK
48.282,Chrimata,Tick,126,30,96,-96,127100,127100,3977,26223,26223,OK
48.282,Chrimata4,Tick,131,60,71,-71,127100,127100,4874,11926,11926,OK
48.468,Chrimata,Tick,126,40,86,-86,127100,127100,4231,25969,25969,OK
48.468,Chrimata4,Tick,131,60,71,-71,127100,127100,4874,11926,11926,OK
48.718,Chrimata,Tick,126,50,76,-76,127600,127100,4485,25715,40915,OK
48.718,Chrimata4,Tick,131,80,51,-51,127600,127100,5382,11418,21618,OK
49.032,Chrimata,Tick,126,50,76,-76,127600,127100,4485,25715,40915,OK
49.032,Chrimata4,Tick,131,80,51,-51,127600,127100,5382,11418,21618,OK
49.282,Chrimata,Tick,126,60,66,-66,127100,127000,4739,25461,32061,OK
49.282,Chrimata4,Tick,131,80,51,-51,127100,127000,5382,11418,16518,OK
49.468,Chrimata,Tick,126,70,56,-56,127100,127000,4993,26207,31807,OK
49.468,Chrimata4,Tick,131,80,51,-51,127100,127000,5382,11418,16518,OK
49.718,Chrimata,Tick,126,80,46,-46,127100,127000,5247,26953,31553,OK
49.718,Chrimata4,Tick,131,80,51,-51,127100,127000,5382,11418,16518,OK
50.0,Chrimata,Tick,126,90,36,-36,127600,127000,5501,27699,34899,OK
50.0,Chrimata4,Tick,131,80,51,-51,127600,127000,5382,11418,21618,OK
50.218,Chrimata,Tick,126,100,26,-26,127100,127000,5755,27445,30045,OK
50.218,Chrimata4,Tick,131,80,51,-51,127100,127000,5382,11418,16518,OK
50.468,Chrimata,Tick,126,110,16,-16,127100,127000,6009,27191,28791,OK
50.468,Chrimata4,Tick,131,80,51,-51,127100,127000,5382,11418,16518,OK
50.782,Chrimata,Tick,126,120,6,-6,127100,127000,6263,26937,27537,OK
50.782,Chrimata4,Tick,131,80,51,-51,127100,127000,5382,11418,16518,OK
50.968,Chrimata,Tick,126,120,6,-6,127100,127000,6263,26937,27537,OK
50.968,Chrimata4,Tick,131,80,51,-51,127100,127000,5382,11418,16518,OK
51.218,Chrimata,Tick,126,120,6,-6,127100,127100,6263,26937,26937,OK
51.218,Chrimata4,Tick,131,80,51,-51,127100,127100,5382,11418,11418,OK
51.468,Chrimata,Tick,126,120,6,-6,127100,127300,6263,26937,25737,OK
51.468,Chrimata4,Tick,138,80,58,-58,127100,127300,5560,11240,-360,OK
51.782,Chrimata,Tick,126,120,6,-6,127600,127300,6263,26937,28137,OK
51.782,Chrimata4,Tick,138,80,58,-58,127600,127300,5560,11240,22840,OK
52.0,Chrimata,Tick,126,120,6,-6,127600,127300,6263,26937,28137,OK
52.0,Chrimata4,Tick,138,80,58,-58,127600,127300,5560,11240,22840,OK
52.25,Chrimata,Tick,126,120,6,-6,127600,127300,6263,26937,28137,OK
52.25,Chrimata4,Tick,138,80,58,-58,127600,127300,5560,11240,22840,OK
52.468,Chrimata,Tick,126,120,6,-6,127600,127300,6263,26937,28137,OK
52.468,Chrimata4,Tick,138,80,58,-58,127600,127300,5560,11240,22840,OK
52.75,Chrimata,Tick,126,120,6,-6,127600,127300,6263,26937,28137,OK
52.75,Chrimata4,Tick,138,80,58,-58,127600,127300,5560,11240,22840,OK
52.968,Chrimata,Tick,126,120,6,-6,127000,127300,6263,26937,25737,OK
52.968,Chrimata4,Tick,138,80,58,-58,127000,127300,5560,11240,-360,OK
53.312,Chrimata,Tick,126,120,6,-6,127000,127300,6263,26937,25737,OK
53.312,Chrimata4,Tick,138,80,58,-58,127000,127300,5560,11240,-360,OK
53.532,Chrimata,Tick,126,120,6,-6,127000,127300,6263,26937,25737,OK
53.532,Chrimata4,Tick,138,80,58,-58,127000,127300,5560,11240,-360,OK
53.782,Chrimata,Tick,126,120,6,-6,127000,127300,6263,26937,25737,OK
53.782,Chrimata4,Tick,138,80,58,-58,127000,127300,5560,11240,-360,OK
54.0,Chrimata,Tick,126,120,6,-6,127000,127300,6263,26937,25737,OK
54.0,Chrimata4,Tick,138,80,58,-58,127000,127300,5560,11240,-360,OK
54.282,Chrimata,Tick,126,120,6,-6,127000,127300,6263,26937,25737,OK
54.282,Chrimata4,Tick,138,80,58,-58,127000,127300,5560,11240,-360,OK
54.468,Chrimata,Tick,126,120,6,-6,127000,127300,6263,26937,25737,OK
54.468,Chrimata4,Tick,138,80,58,-58,127000,127300,5560,11240,-360,OK
54.75,Chrimata,Tick,126,120,6,-6,127000,127300,6263,26937,25737,OK
54.75,Chrimata4,Tick,138,80,58,-58,127000,127300,5560,11240,-360,OK
54.968,Chrimata,Tick,126,120,6,-6,127000,127300,6263,26937,25737,OK
54.968,Chrimata4,Tick,138,80,58,-58,127000,127300,5560,11240,-360,OK
55.218,Chrimata,Tick,126,120,6,-6,127800,127300,6263,26937,28137,OK
55.218,Chrimata4,Tick,138,80,58,-58,127800,127300,5560,11240,22840,OK
55.5,Chrimata,Tick,126,120,6,-6,126600,127300,6263,26937,25737,OK
55.5,Chrimata4,Tick,138,80,58,-58,126600,127300,5560,11240,-360,OK
55.718,Chrimata,Tick,126,120,6,-6,126600,127300,6263,26937,25737,OK
55.718,Chrimata4,Tick,138,80,58,-58,126600,127300,5560,11240,-360,OK
55.968,Chrimata,Tick,126,120,6,-6,126600,127300,6263,26937,25737,OK
55.968,Chrimata4,Tick,138,80,58,-58,126600,127300,5560,11240,-360,OK
56.218,Chrimata,Tick,126,120,6,-6,126600,127300,6263,26937,25737,OK
56.218,Chrimata4,Tick,138,80,58,-58,126600,127300,5560,11240,-360,OK
56.468,Chrimata,Tick,126,120,6,-6,126600,127300,6263,26937,25737,OK
56.468,Chrimata4,Tick,138,80,58,-58,126600,127300,5560,11240,-360,OK
56.782,Chrimata,Tick,126,120,6,-6,127200,127300,6263,26937,26337,OK
56.782,Chrimata4,Tick,138,80,58,-58,127200,127300,5560,11240,5440,OK
57.062,Chrimata,Tick,126,120,6,-6,127200,127300,6263,26937,26337,OK
57.062,Chrimata4,Tick,138,100,38,-38,127200,127300,6069,10731,6931,OK
57.282,Chrimata,Tick,126,120,6,-6,127200,127300,6263,26937,26337,OK
57.282,Chrimata4,Tick,138,120,18,-18,127200,127300,6578,10222,8422,OK
57.532,Chrimata,Tick,126,120,6,-6,127200,127300,6263,26937,26337,OK
57.532,Chrimata4,Tick,138,120,18,-18,127200,127300,6578,10222,8422,OK
57.718,Chrimata,Tick,136,120,16,-16,126800,127300,6517,28683,25483,OK
57.718,Chrimata4,Tick,138,120,18,-18,126800,127300,6578,10222,6622,OK
58.032,Chrimata,Tick,146,120,26,-26,126800,127300,6771,30429,25229,OK
58.032,Chrimata4,Tick,138,120,18,-18,126800,127300,6578,10222,6622,OK
58.282,Chrimata,Tick,156,120,36,-36,126800,127300,7025,33175,25975,OK
58.282,Chrimata4,Tick,138,120,18,-18,126800,127300,6578,10222,6622,OK
58.532,Chrimata,Tick,166,120,46,-46,126900,127300,7279,35921,26721,OK
58.532,Chrimata4,Tick,158,120,38,-38,126900,127300,7085,15515,7915,OK
58.718,Chrimata,Tick,176,120,56,-56,126900,127300,7533,37667,26467,OK
58.718,Chrimata4,Tick,178,120,58,-58,126900,127300,7593,19007,7407,OK
58.968,Chrimata,Tick,186,120,66,-66,126900,127300,7787,38413,25213,OK
58.968,Chrimata4,Tick,178,120,58,-58,126900,127300,7593,19007,7407,OK
59.282,Chrimata,Tick,196,120,76,-76,126900,127300,8041,39159,23959,OK
59.282,Chrimata4,Tick,178,120,58,-58,126900,127300,7593,19007,7407,OK
59.438,Chrimata,Tick,196,120,76,-76,126900,127300,8041,39159,23959,OK
59.438,Chrimata4,Tick,178,120,58,-58,126900,127300,7593,19007,7407,OK
59.782,Chrimata,Tick,196,120,76,-76,126900,127300,8041,39159,23959,OK
59.782,Chrimata4,Tick,178,120,58,-58,126900,127300,7593,19007,7407,OK
59.968,Chrimata,Tick,196,120,76,-76,126900,127300,8041,39159,23959,OK
59.968,Chrimata4,Tick,178,120,58,-58,126900,127300,7593,19007,7407,OK
60.282,Chrimata,Tick,196,120,76,-76,127300,127300,8041,39159,39159,OK
60.282,Chrimata4,Tick,178,120,58,-58,127300,127300,7593,19007,19007,OK
60.468,Chrimata,Tick,196,120,76,-76,127300,127200,8041,39159,46759,OK
60.468,Chrimata4,Tick,178,120,58,-58,127300,127200,7593,19007,24807,OK
60.718,Chrimata,Tick,196,120,76,-76,127300,127200,8041,39159,46759,OK
60.718,Chrimata4,Tick,178,120,58,-58,127300,127200,7593,19007,24807,OK
61.0,Chrimata,Tick,206,120,86,-86,127300,127200,8296,38904,47504,OK
61.0,Chrimata4,Tick,178,120,58,-58,127300,127200,7593,19007,24807,OK
61.25,Chrimata,Tick,206,120,86,-86,127300,127200,8296,38904,47504,OK
61.25,Chrimata4,Tick,178,120,58,-58,127300,127200,7593,19007,24807,OK
61.468,Chrimata,Tick,206,120,86,-86,127900,127200,8296,38904,56104,OK
61.468,Chrimata4,Tick,178,120,58,-58,127900,127200,7593,19007,30607,OK
